mode,can_rate,can_received,can_logged,can_logged_pct,can_fifo_overruns,can_buffer_drops,kline_received,kline_logged,kline_logged_pct,kline_overruns,sd_writes,sd_syncs,bytes_written
sequential,250,499,399,79.96,100,0,1887,398,21.09,1489,797,797,27916
rtos,250,499,499,100.0,0,0,1889,1889,100.0,0,111,14,54390
sequential,500,999,400,40.04,599,0,1889,396,20.96,1493,796,796,27944
rtos,500,999,999,100.0,0,0,1889,1889,100.0,0,166,22,82390
sequential,1000,1999,400,20.01,1599,0,1889,397,21.02,1492,797,797,27958
rtos,1000,1999,1999,100.0,0,0,1889,1889,100.0,0,280,36,138390
sequential,2000,3996,399,9.98,3597,0,1888,397,21.03,1491,796,796,27902
rtos,2000,3999,3999,100.0,0,0,1889,1889,100.0,0,501,64,250390
sequential,3000,5995,401,6.69,5594,0,1888,396,20.97,1492,797,797,28000
rtos,3000,5998,5998,100.0,0,0,1889,1889,100.0,0,723,92,362334
sequential,4000,7996,405,5.07,7591,0,1889,392,20.75,1497,797,797,28168
rtos,4000,7997,7997,100.0,0,0,1889,1889,100.0,0,942,118,474278
